{"cameraMode":{"drawMode":3,"name":"Shadow Cascades","section":"Miscellaneous"},"sceneLighting":true,"audioPlay":false,"sceneViewState":{"showFog":true,"showMaterialUpdate":false,"showSkybox":true,"showFlares":true,"showImageEffects":true,"showParticleSystems":true},"in2DMode":false,"pivot":{"x":27.566335678100587,"y":1.2792000770568848,"z":-1.7881393432617188e-7},"rotation":{"x":0.2409108430147171,"y":-0.0064027453772723679,"z":0.0015893290983512998,"w":0.9705248475074768},"size":6.070121765136719,"orthographic":false}