{"cameraMode":{"drawMode":3,"name":"Shadow Cascades","section":"Miscellaneous"},"sceneLighting":true,"audioPlay":false,"sceneViewState":{"showFog":true,"showMaterialUpdate":false,"showSkybox":true,"showFlares":true,"showImageEffects":true,"showParticleSystems":true},"in2DMode":false,"pivot":{"x":47.2030029296875,"y":10.06640625,"z":14.9921875},"rotation":{"x":0.1286386400461197,"y":-0.007438190281391144,"z":0.0009646938415244222,"w":0.9916632175445557},"size":56.843528747558597,"orthographic":true}