{"cameraMode":{"drawMode":0,"name":"Shaded","section":"Shading Mode"},"sceneLighting":true,"audioPlay":false,"sceneViewState":{"showFog":true,"showMaterialUpdate":false,"showSkybox":true,"showFlares":true,"showImageEffects":true,"showParticleSystems":true},"in2DMode":false,"pivot":{"x":105.6770248413086,"y":-12.739482879638672,"z":36.59798812866211},"rotation":{"x":-0.2805803418159485,"y":1.039937203017871e-8,"z":1.4062334408038169e-8,"w":-0.9598305821418762},"size":61.82852554321289,"orthographic":false}