{"cameraMode":{"drawMode":0,"name":"Shaded","section":"Shading Mode"},"sceneLighting":true,"audioPlay":false,"sceneViewState":{"showFog":true,"showMaterialUpdate":false,"showSkybox":true,"showFlares":true,"showImageEffects":true,"showParticleSystems":true},"in2DMode":false,"pivot":{"x":28.0966796875,"y":1.89453125,"z":-1.22369384765625},"rotation":{"x":0.21058298647403718,"y":0.2636481821537018,"z":-0.05908659100532532,"w":0.9394962787628174},"size":5.539310932159424,"orthographic":true}