{"cameraMode":{"drawMode":0,"name":"Shaded","section":"Shading Mode"},"sceneLighting":false,"audioPlay":false,"sceneViewState":{"showFog":true,"showMaterialUpdate":false,"showSkybox":true,"showFlares":true,"showImageEffects":true,"showParticleSystems":true},"in2DMode":false,"pivot":{"x":-0.7579345703125,"y":-0.62255859375,"z":3.1337890625},"rotation":{"x":-0.18488286435604096,"y":0.022112295031547548,"z":-0.004162128083407879,"w":-0.9825029969215393},"size":6.548388481140137,"orthographic":true}