{"cameraMode":{"drawMode":0,"name":"Shaded","section":"Shading Mode"},"sceneLighting":true,"audioPlay":false,"sceneViewState":{"showFog":true,"showMaterialUpdate":false,"showSkybox":true,"showFlares":true,"showImageEffects":true,"showParticleSystems":true},"in2DMode":false,"pivot":{"x":2.131932258605957,"y":-2.348921775817871,"z":7.566404342651367},"rotation":{"x":-0.15110842883586884,"y":0.04061036929488182,"z":-0.006214252207428217,"w":-0.9876631498336792},"size":27.62871742248535,"orthographic":false}