{"cameraMode":{"drawMode":0,"name":"Shaded","section":"Shading Mode"},"sceneLighting":false,"audioPlay":false,"sceneViewState":{"showFog":true,"showMaterialUpdate":false,"showSkybox":true,"showFlares":true,"showImageEffects":true,"showParticleSystems":true},"in2DMode":false,"pivot":{"x":-2.2847635746002199,"y":-0.12703007459640504,"z":3.945056915283203},"rotation":{"x":-0.003320131218060851,"y":-0.9935207366943359,"z":0.10953871160745621,"w":-0.03011375665664673},"size":3.130115270614624,"orthographic":false}