{"cameraMode":{"drawMode":0,"name":"Shaded","section":"Shading Mode"},"sceneLighting":false,"audioPlay":false,"sceneViewState":{"showFog":true,"showMaterialUpdate":false,"showSkybox":true,"showFlares":true,"showImageEffects":true,"showParticleSystems":true},"in2DMode":false,"pivot":{"x":29.732505798339845,"y":1.4943060874938965,"z":-1.1920928955078126e-7},"rotation":{"x":-0.11066053807735443,"y":-0.04470696300268173,"z":0.004981523379683495,"w":-0.9928397536277771},"size":6.7097015380859379,"orthographic":true}