{"cameraMode":{"drawMode":0,"name":"Shaded","section":"Shading Mode"},"sceneLighting":false,"audioPlay":false,"sceneViewState":{"showFog":true,"showMaterialUpdate":false,"showSkybox":true,"showFlares":true,"showImageEffects":true,"showParticleSystems":true},"in2DMode":false,"pivot":{"x":50.52838897705078,"y":2.55433988571167,"z":-0.07685324549674988},"rotation":{"x":0.22169046103954316,"y":0.28990402817726138,"z":-0.07724577188491821,"w":0.9278157353401184},"size":5.103271961212158,"orthographic":false}