{"cameraMode":{"drawMode":0,"name":"Shaded","section":"Shading Mode"},"sceneLighting":true,"audioPlay":false,"sceneViewState":{"showFog":true,"showMaterialUpdate":false,"showSkybox":true,"showFlares":true,"showImageEffects":true,"showParticleSystems":true},"in2DMode":false,"pivot":{"x":30.677587509155275,"y":6.581365585327148,"z":-0.4302849769592285},"rotation":{"x":-0.39673253893852236,"y":-0.25678423047065737,"z":0.11662222445011139,"w":-0.8735355734825134},"size":7.880316257476807,"orthographic":false}