{"cameraMode":{"drawMode":0,"name":"Shaded","section":"Shading Mode"},"sceneLighting":false,"audioPlay":false,"sceneViewState":{"showFog":true,"showMaterialUpdate":false,"showSkybox":true,"showFlares":true,"showImageEffects":true,"showParticleSystems":true},"in2DMode":false,"pivot":{"x":-2.322404384613037,"y":-0.9482965469360352,"z":3.741279125213623},"rotation":{"x":-0.29709550738334658,"y":-0.03093269094824791,"z":0.009629789739847184,"w":-0.9542980194091797},"size":3.9924733638763429,"orthographic":false}