{"cameraMode":{"drawMode":0,"name":"Shaded","section":"Shading Mode"},"sceneLighting":false,"audioPlay":false,"sceneViewState":{"showFog":true,"showMaterialUpdate":false,"showSkybox":true,"showFlares":true,"showImageEffects":true,"showParticleSystems":true},"in2DMode":false,"pivot":{"x":24.987930297851564,"y":1.2667739391326905,"z":0.5179346799850464},"rotation":{"x":-0.24673855304718018,"y":-0.006688247434794903,"z":0.0017028971342369915,"w":-0.9690575003623962},"size":3.25146746635437,"orthographic":false}