{"cameraMode":{"drawMode":0,"name":"Shaded","section":"Shading Mode"},"sceneLighting":true,"audioPlay":false,"sceneViewState":{"showFog":true,"showMaterialUpdate":false,"showSkybox":true,"showFlares":true,"showImageEffects":true,"showParticleSystems":true},"in2DMode":false,"pivot":{"x":109.04707336425781,"y":0.3720245361328125,"z":5.513134002685547},"rotation":{"x":-0.05996270850300789,"y":-0.00748533895239234,"z":0.0004482195945456624,"w":-0.9981724619865418},"size":13.63725471496582,"orthographic":true}