{"cameraMode":{"drawMode":0,"name":"Shaded","section":"Shading Mode"},"sceneLighting":false,"audioPlay":false,"sceneViewState":{"showFog":true,"showMaterialUpdate":false,"showSkybox":true,"showFlares":true,"showImageEffects":true,"showParticleSystems":true},"in2DMode":false,"pivot":{"x":50.52838897705078,"y":2.55433988571167,"z":-0.07685324549674988},"rotation":{"x":0.26817429065704348,"y":-0.004906222224235535,"z":0.0013675966765731574,"w":0.9633569717407227},"size":5.103271961212158,"orthographic":false}