{"cameraMode":{"drawMode":0,"name":"Shaded","section":"Shading Mode"},"sceneLighting":false,"audioPlay":false,"sceneViewState":{"showFog":true,"showMaterialUpdate":false,"showSkybox":true,"showFlares":true,"showImageEffects":true,"showParticleSystems":true},"in2DMode":false,"pivot":{"x":51.11399841308594,"y":12.810001373291016,"z":-3.5},"rotation":{"x":0.10629083216190338,"y":-0.01252162829041481,"z":0.0013403026387095452,"w":0.9942553639411926},"size":182.66787719726563,"orthographic":false}