{"cameraMode":{"drawMode":0,"name":"Shaded","section":"Shading Mode"},"sceneLighting":false,"audioPlay":false,"sceneViewState":{"showFog":true,"showMaterialUpdate":false,"showSkybox":true,"showFlares":true,"showImageEffects":true,"showParticleSystems":true},"in2DMode":false,"pivot":{"x":4.208057880401611,"y":2.0025219917297365,"z":-0.05195571482181549},"rotation":{"x":0.020989563316106797,"y":0.028491128236055375,"z":0.0005964477313682437,"w":-0.9993734955787659},"size":9.393372535705567,"orthographic":true}