{"cameraMode":{"drawMode":0,"name":"Shaded","section":"Shading Mode"},"sceneLighting":false,"audioPlay":false,"sceneViewState":{"showFog":true,"showMaterialUpdate":false,"showSkybox":true,"showFlares":true,"showImageEffects":true,"showParticleSystems":true},"in2DMode":false,"pivot":{"x":24.878822326660158,"y":1.5122402906417847,"z":-0.07685324549674988},"rotation":{"x":0.12092290818691254,"y":0.06724490970373154,"z":-0.00821068324148655,"w":0.9903476238250732},"size":28.818771362304689,"orthographic":true}