{"cameraMode":{"drawMode":0,"name":"Shaded","section":"Shading Mode"},"sceneLighting":true,"audioPlay":false,"sceneViewState":{"showFog":true,"showMaterialUpdate":false,"showSkybox":true,"showFlares":true,"showImageEffects":true,"showParticleSystems":true},"in2DMode":false,"pivot":{"x":7.10137939453125,"y":2.98974609375,"z":-4.599609375},"rotation":{"x":-0.05996270850300789,"y":-0.00748533895239234,"z":0.0004482195945456624,"w":-0.9981724619865418},"size":10.25786018371582,"orthographic":true}