{"cameraMode":{"drawMode":0,"name":"Shaded","section":"Shading Mode"},"sceneLighting":true,"audioPlay":false,"sceneViewState":{"showFog":true,"showMaterialUpdate":false,"showSkybox":true,"showFlares":true,"showImageEffects":true,"showParticleSystems":true},"in2DMode":false,"pivot":{"x":101.9622802734375,"y":-0.4997069537639618,"z":-0.08610427379608154},"rotation":{"x":-0.17793674767017365,"y":-0.6193612813949585,"z":0.14685580134391786,"w":-0.7504422664642334},"size":8.905340194702149,"orthographic":false}