{"cameraMode":{"drawMode":0,"name":"Shaded","section":"Shading Mode"},"sceneLighting":false,"audioPlay":false,"sceneViewState":{"showFog":true,"showMaterialUpdate":false,"showSkybox":true,"showFlares":true,"showImageEffects":true,"showParticleSystems":true},"in2DMode":false,"pivot":{"x":-0.06394839286804199,"y":-0.383301317691803,"z":2.5506763458251955},"rotation":{"x":-0.02424469031393528,"y":-0.9656205773353577,"z":0.09767483919858933,"w":-0.23968464136123658},"size":6.719900608062744,"orthographic":false}