{"cameraMode":{"drawMode":0,"name":"Shaded","section":"Shading Mode"},"sceneLighting":false,"audioPlay":false,"sceneViewState":{"showFog":true,"showMaterialUpdate":false,"showSkybox":true,"showFlares":true,"showImageEffects":true,"showParticleSystems":true},"in2DMode":false,"pivot":{"x":-0.14232103526592256,"y":0.0069355168379843239,"z":0.017578125},"rotation":{"x":-0.06332213431596756,"y":0.5050287842750549,"z":-0.03718653693795204,"w":-0.8599728941917419},"size":0.4339141249656677,"orthographic":true}