{"cameraMode":{"drawMode":0,"name":"Shaded","section":"Shading Mode"},"sceneLighting":false,"audioPlay":false,"sceneViewState":{"showFog":true,"showMaterialUpdate":false,"showSkybox":true,"showFlares":true,"showImageEffects":true,"showParticleSystems":true},"in2DMode":false,"pivot":{"x":24.74994468688965,"y":1.465606451034546,"z":-0.0911705493927002},"rotation":{"x":0.2334715574979782,"y":0.035873688757419589,"z":-0.008619927801191807,"w":0.9716634750366211},"size":2.3703341484069826,"orthographic":false}