{"cameraMode":{"drawMode":0,"name":"Shaded","section":"Shading Mode"},"sceneLighting":false,"audioPlay":false,"sceneViewState":{"showFog":true,"showMaterialUpdate":false,"showSkybox":true,"showFlares":true,"showImageEffects":true,"showParticleSystems":true},"in2DMode":false,"pivot":{"x":0.04403045028448105,"y":0.5043102502822876,"z":-0.012803623452782631},"rotation":{"x":0.1322728544473648,"y":0.5541977882385254,"z":-0.08968886733055115,"w":0.8168994784355164},"size":9.384892463684082,"orthographic":true}