{"cameraMode":{"drawMode":0,"name":"Shaded","section":"Shading Mode"},"sceneLighting":false,"audioPlay":false,"sceneViewState":{"showFog":true,"showMaterialUpdate":false,"showSkybox":true,"showFlares":true,"showImageEffects":true,"showParticleSystems":true},"in2DMode":false,"pivot":{"x":43.1995849609375,"y":3.806985855102539,"z":0.0000022649765014648439},"rotation":{"x":0.14179733395576478,"y":0.055202044546604159,"z":-0.007919959723949433,"w":0.9883236289024353},"size":10.852282524108887,"orthographic":true}