{"cameraMode":{"drawMode":0,"name":"Shaded","section":"Shading Mode"},"sceneLighting":false,"audioPlay":false,"sceneViewState":{"showFog":true,"showMaterialUpdate":false,"showSkybox":true,"showFlares":true,"showImageEffects":true,"showParticleSystems":true},"in2DMode":false,"pivot":{"x":22.072364807128908,"y":1.6124565601348878,"z":1.1920928955078126e-7},"rotation":{"x":0.01645088382065296,"y":0.07731714844703675,"z":-0.0012700355146080256,"w":0.9968701004981995},"size":4.609809875488281,"orthographic":true}