{"cameraMode":{"drawMode":0,"name":"Shaded","section":"Shading Mode"},"sceneLighting":true,"audioPlay":false,"sceneViewState":{"showFog":true,"showMaterialUpdate":false,"showSkybox":true,"showFlares":true,"showImageEffects":true,"showParticleSystems":true},"in2DMode":false,"pivot":{"x":2.78515625,"y":2.3822021484375,"z":8.78515625},"rotation":{"x":0.01645088382065296,"y":0.07731714844703675,"z":-0.0012700355146080256,"w":0.9968701004981995},"size":6.926205158233643,"orthographic":true}