{"cameraMode":{"drawMode":0,"name":"Shaded","section":"Shading Mode"},"sceneLighting":true,"audioPlay":false,"sceneViewState":{"showFog":true,"showMaterialUpdate":false,"showSkybox":true,"showFlares":true,"showImageEffects":true,"showParticleSystems":true},"in2DMode":false,"pivot":{"x":75.60213470458985,"y":1.4539237022399903,"z":0.17765283584594727},"rotation":{"x":-0.180785670876503,"y":-0.5568082332611084,"z":0.1256830096244812,"w":-0.8009275197982788},"size":15.564364433288575,"orthographic":false}